{
  "project_info": {
    "project_number": "1074922807704",
    "firebase_url": "https://quizandroidcgw.firebaseio.com",
    "project_id": "quizapp",
    "storage_bucket": "com.example.quizapp"
  },
  "client": [
    {
      "client_info": {
        "mobilesdk_app_id": "1:1074922807704:android:026d01d139e9d9c7",
        "android_client_info": {
          "package_name": "com.example.quizapp"
        }
      },
      "oauth_client": [
        {
          "client_id": "1074922807704-51h0nc0cnffs9silsu5voqrs4956e3gj.apps.googleusercontent.com",
          "client_type": 1,
          "android_info": {
            "package_name": "com.example.quizapp",
            "certificate_hash": "639200bf7552f9622af43233be02f729a49a100b"
          }
        },
        {
          "client_id": "1074922807704-i1786fbr6gl9am2g5162v05hj3pr55l7.apps.googleusercontent.com",
          "client_type": 3
        }
      ],
      "api_key": [
        {
          "current_key": "AIzaSyACV3xvTbU7g1-Om4ELAEuozBafWCekB3Q"
        }
      ],
      "services": {
        "analytics_service": {
          "status": 1
        },
        "appinvite_service": {
          "status": 2,
          "other_platform_oauth_client": [
            {
              "client_id": "1074922807704-i1786fbr6gl9am2g5162v05hj3pr55l7.apps.googleusercontent.com",
              "client_type": 3
            }
          ]
        },
        "ads_service": {
          "status": 2
        }
      }
    }
  ],
  "configuration_version": "1"
}